<?xml version="1.0" encoding="UTF-8"?>
<ActionFile>
	<ActionDefinition name="   2. Generate Rasters from Point Cloud Data" id="Generate_Rasters" icon="generate_rasters.png" state-icon-variable="generic_icon" filter="G" guid="F27C67A4-2321-11EE-8B30-2811A80E3F16" use_only_once="1" priority="0" can-remove="1">
		<RuleSet file="Ruleset.dcp"></RuleSet>
		<Description></Description>
		<Process name="" parameter_set="generate_rasters"></Process>
		<Properties>
			<Group text="Convert Point Cloud to Rasters" color="32896" text_color="13948887">
				<SelectLayer text="Select Point Cloud Layer" left-margin="-1" description="Select the required Point Cloud layer." dscr="Select the required Point Cloud layer." variable="point_cloud_select" image-layer="1" use-alias="1" process-sel-change="">
					<visibility_threshold></visibility_threshold>
					<enable_threshold></enable_threshold>
				</SelectLayer>
				<Button text="" left-margin="-1" description="Create a new layer as the DSM with the maximum Z value." img="" mode="push" button_text="Rasterize DSM - Z Max" hor_offset="0" width="0">
					<visibility_threshold></visibility_threshold>
					<enable_threshold></enable_threshold>
					<Process push="Working with LiDAR//Generate Rasters from Point Cloud Data//Convert Point Cloud to Rasters//Rasterize DSM" release=""></Process>
					<Description>Create a new layer as the DSM with the maximum Z value.</Description>
				</Button>
				<Button text="" left-margin="-1" description="Create a new layer with the Number of Returns." img="" mode="push" button_text="Rasterize # of Returns" hor_offset="0" width="0">
					<visibility_threshold></visibility_threshold>
					<enable_threshold></enable_threshold>
					<Process push="Working with LiDAR//Generate Rasters from Point Cloud Data//Convert Point Cloud to Rasters//Rasterize Number of Returns" release=""></Process>
					<Description>Create a new layer with the Number of Returns.</Description>
				</Button>
			</Group>
			<Group text="Observe Gaps in Rasters" color="32896" text_color="13948887">
				<RadioButtons text="text" left-margin="8" description="">
					<visibility_threshold></visibility_threshold>
					<enable_threshold></enable_threshold>
					<Params>
						<DValue value="8" type="int" name="iLeftMargin"></DValue>
						<DValue value="1691667A-392D-11EE-952D-48E7DA104EBC" type="string" name="strGuid"></DValue>
						<DValue value="" type="string" name="strRuleset"></DValue>
						<DValue value="1" type="bool" name="bRadioMode"></DValue>
						<DValue value="0" type="int" name="eRadioScope"></DValue>
						<DValue type="threshold" name="xmlVsbltThrsh"></DValue>
						<DValue type="threshold" name="xmlEnblThrsh"></DValue>
						<DValue value="Gaps DSM" type="string" name="sText1"></DValue>
						<DValue value="Observe that generated DSM has gaps (black pixels with values of 0) due to the lack of LiDAR points in some areas" type="string" name="sDescr1"></DValue>
						<DValue value="" type="string" name="sDescrPath1"></DValue>
						<DValue value="Working with LiDAR//Generate Rasters from Point Cloud Data//Observe Gaps in Rasters//Gaps DSM" type="string" name="sActionProcPath1"></DValue>
						<DValue value="" type="string" name="sProcPathOnRelease1"></DValue>
						<DValue value="1" type="bool" name="bExecOnSprtThrd1"></DValue>
						<DValue value="gaps.png" type="string" name="sFileImg1"></DValue>
						<DValue value="" type="string" name="sFileHighlightImg1"></DValue>
						<DValue value="0" type="int" name="dwHotKey1"></DValue>
						<DValue value="None" type="string" name="strHotKey1"></DValue>
						<DValue value="1" type="bool" name="bRadioModeFromWdgt1"></DValue>
						<DValue value="1" type="bool" name="bSyncWithInputMode1"></DValue>
						<DValue type="threshold" name="vsbltThrsh1"></DValue>
						<DValue type="threshold" name="enblThrsh1"></DValue>
						<DValue type="threshold" name="checkThrsh1"></DValue>
						<DValue value="Gaps # Returns" type="string" name="sText2"></DValue>
						<DValue value="Observe that generated # of Returns raster also has gaps (black pixels with values of 0) due to the lack of LiDAR points in some areas" type="string" name="sDescr2"></DValue>
						<DValue value="" type="string" name="sDescrPath2"></DValue>
						<DValue value="Working with LiDAR//Generate Rasters from Point Cloud Data//Observe Gaps in Rasters//Gaps Number of Returns" type="string" name="sActionProcPath2"></DValue>
						<DValue value="" type="string" name="sProcPathOnRelease2"></DValue>
						<DValue value="1" type="bool" name="bExecOnSprtThrd2"></DValue>
						<DValue value="gaps.png" type="string" name="sFileImg2"></DValue>
						<DValue value="" type="string" name="sFileHighlightImg2"></DValue>
						<DValue value="0" type="int" name="dwHotKey2"></DValue>
						<DValue value="None" type="string" name="strHotKey2"></DValue>
						<DValue value="1" type="bool" name="bRadioModeFromWdgt2"></DValue>
						<DValue value="1" type="bool" name="bSyncWithInputMode2"></DValue>
						<DValue type="threshold" name="vsbltThrsh2"></DValue>
						<DValue type="threshold" name="enblThrsh2"></DValue>
						<DValue type="threshold" name="checkThrsh2"></DValue>
						<DValue value="" type="string" name="sText3"></DValue>
						<DValue value="" type="string" name="sDescr3"></DValue>
						<DValue value="" type="string" name="sDescrPath3"></DValue>
						<DValue value="" type="string" name="sActionProcPath3"></DValue>
						<DValue value="" type="string" name="sProcPathOnRelease3"></DValue>
						<DValue value="1" type="bool" name="bExecOnSprtThrd3"></DValue>
						<DValue value="" type="string" name="sFileImg3"></DValue>
						<DValue value="" type="string" name="sFileHighlightImg3"></DValue>
						<DValue value="0" type="int" name="dwHotKey3"></DValue>
						<DValue value="None" type="string" name="strHotKey3"></DValue>
						<DValue value="1" type="bool" name="bRadioModeFromWdgt3"></DValue>
						<DValue value="1" type="bool" name="bSyncWithInputMode3"></DValue>
						<DValue type="threshold" name="vsbltThrsh3"></DValue>
						<DValue type="threshold" name="enblThrsh3"></DValue>
						<DValue type="threshold" name="checkThrsh3"></DValue>
						<DValue value="" type="string" name="sText4"></DValue>
						<DValue value="" type="string" name="sDescr4"></DValue>
						<DValue value="" type="string" name="sDescrPath4"></DValue>
						<DValue value="" type="string" name="sActionProcPath4"></DValue>
						<DValue value="" type="string" name="sProcPathOnRelease4"></DValue>
						<DValue value="1" type="bool" name="bExecOnSprtThrd4"></DValue>
						<DValue value="" type="string" name="sFileImg4"></DValue>
						<DValue value="" type="string" name="sFileHighlightImg4"></DValue>
						<DValue value="0" type="int" name="dwHotKey4"></DValue>
						<DValue value="None" type="string" name="strHotKey4"></DValue>
						<DValue value="1" type="bool" name="bRadioModeFromWdgt4"></DValue>
						<DValue value="1" type="bool" name="bSyncWithInputMode4"></DValue>
						<DValue type="threshold" name="vsbltThrsh4"></DValue>
						<DValue type="threshold" name="enblThrsh4"></DValue>
						<DValue type="threshold" name="checkThrsh4"></DValue>
						<DValue value="" type="string" name="sText5"></DValue>
						<DValue value="" type="string" name="sDescr5"></DValue>
						<DValue value="" type="string" name="sDescrPath5"></DValue>
						<DValue value="" type="string" name="sActionProcPath5"></DValue>
						<DValue value="" type="string" name="sProcPathOnRelease5"></DValue>
						<DValue value="1" type="bool" name="bExecOnSprtThrd5"></DValue>
						<DValue value="" type="string" name="sFileImg5"></DValue>
						<DValue value="" type="string" name="sFileHighlightImg5"></DValue>
						<DValue value="0" type="int" name="dwHotKey5"></DValue>
						<DValue value="None" type="string" name="strHotKey5"></DValue>
						<DValue value="1" type="bool" name="bRadioModeFromWdgt5"></DValue>
						<DValue value="1" type="bool" name="bSyncWithInputMode5"></DValue>
						<DValue type="threshold" name="vsbltThrsh5"></DValue>
						<DValue type="threshold" name="enblThrsh5"></DValue>
						<DValue type="threshold" name="checkThrsh5"></DValue>
					</Params>
				</RadioButtons>
			</Group>
			<Group text="Step Status" color="32896" text_color="13948887">
				<RadioButtons text="text" left-margin="8" description="">
					<visibility_threshold></visibility_threshold>
					<enable_threshold></enable_threshold>
					<Params>
						<DValue value="8" type="int" name="iLeftMargin"></DValue>
						<DValue value="FA8AEFA0-3901-11EE-952D-48E7DA104EBC" type="string" name="strGuid"></DValue>
						<DValue value="" type="string" name="strRuleset"></DValue>
						<DValue value="1" type="bool" name="bRadioMode"></DValue>
						<DValue value="0" type="int" name="eRadioScope"></DValue>
						<DValue type="threshold" name="xmlVsbltThrsh"></DValue>
						<DValue type="threshold" name="xmlEnblThrsh"></DValue>
						<DValue value="Complete" type="string" name="sText1"></DValue>
						<DValue value="Mark the 2. Generate Rasters from Point Cloud Data step as complete." type="string" name="sDescr1"></DValue>
						<DValue value="" type="string" name="sDescrPath1"></DValue>
						<DValue value="Working with LiDAR//Generate Rasters from Point Cloud Data//Step Status//Complete" type="string" name="sActionProcPath1"></DValue>
						<DValue value="" type="string" name="sProcPathOnRelease1"></DValue>
						<DValue value="1" type="bool" name="bExecOnSprtThrd1"></DValue>
						<DValue value="complete.png" type="string" name="sFileImg1"></DValue>
						<DValue value="" type="string" name="sFileHighlightImg1"></DValue>
						<DValue value="0" type="int" name="dwHotKey1"></DValue>
						<DValue value="None" type="string" name="strHotKey1"></DValue>
						<DValue value="1" type="bool" name="bRadioModeFromWdgt1"></DValue>
						<DValue value="1" type="bool" name="bSyncWithInputMode1"></DValue>
						<DValue type="threshold" name="vsbltThrsh1"></DValue>
						<DValue type="threshold" name="enblThrsh1"></DValue>
						<DValue type="threshold" name="checkThrsh1"></DValue>
						<DValue value="Revert" type="string" name="sText2"></DValue>
						<DValue value="Unmark the 2. Generate Rasters from Point Cloud Data step as complete." type="string" name="sDescr2"></DValue>
						<DValue value="" type="string" name="sDescrPath2"></DValue>
						<DValue value="Working with LiDAR//Generate Rasters from Point Cloud Data//Step Status//Revert" type="string" name="sActionProcPath2"></DValue>
						<DValue value="" type="string" name="sProcPathOnRelease2"></DValue>
						<DValue value="1" type="bool" name="bExecOnSprtThrd2"></DValue>
						<DValue value="revert.png" type="string" name="sFileImg2"></DValue>
						<DValue value="" type="string" name="sFileHighlightImg2"></DValue>
						<DValue value="0" type="int" name="dwHotKey2"></DValue>
						<DValue value="None" type="string" name="strHotKey2"></DValue>
						<DValue value="1" type="bool" name="bRadioModeFromWdgt2"></DValue>
						<DValue value="1" type="bool" name="bSyncWithInputMode2"></DValue>
						<DValue type="threshold" name="vsbltThrsh2"></DValue>
						<DValue type="threshold" name="enblThrsh2"></DValue>
						<DValue type="threshold" name="checkThrsh2"></DValue>
						<DValue value="" type="string" name="sText3"></DValue>
						<DValue value="" type="string" name="sDescr3"></DValue>
						<DValue value="" type="string" name="sDescrPath3"></DValue>
						<DValue value="" type="string" name="sActionProcPath3"></DValue>
						<DValue value="" type="string" name="sProcPathOnRelease3"></DValue>
						<DValue value="1" type="bool" name="bExecOnSprtThrd3"></DValue>
						<DValue value="" type="string" name="sFileImg3"></DValue>
						<DValue value="" type="string" name="sFileHighlightImg3"></DValue>
						<DValue value="0" type="int" name="dwHotKey3"></DValue>
						<DValue value="None" type="string" name="strHotKey3"></DValue>
						<DValue value="1" type="bool" name="bRadioModeFromWdgt3"></DValue>
						<DValue value="1" type="bool" name="bSyncWithInputMode3"></DValue>
						<DValue type="threshold" name="vsbltThrsh3"></DValue>
						<DValue type="threshold" name="enblThrsh3"></DValue>
						<DValue type="threshold" name="checkThrsh3"></DValue>
						<DValue value="" type="string" name="sText4"></DValue>
						<DValue value="" type="string" name="sDescr4"></DValue>
						<DValue value="" type="string" name="sDescrPath4"></DValue>
						<DValue value="" type="string" name="sActionProcPath4"></DValue>
						<DValue value="" type="string" name="sProcPathOnRelease4"></DValue>
						<DValue value="1" type="bool" name="bExecOnSprtThrd4"></DValue>
						<DValue value="" type="string" name="sFileImg4"></DValue>
						<DValue value="" type="string" name="sFileHighlightImg4"></DValue>
						<DValue value="0" type="int" name="dwHotKey4"></DValue>
						<DValue value="None" type="string" name="strHotKey4"></DValue>
						<DValue value="1" type="bool" name="bRadioModeFromWdgt4"></DValue>
						<DValue value="1" type="bool" name="bSyncWithInputMode4"></DValue>
						<DValue type="threshold" name="vsbltThrsh4"></DValue>
						<DValue type="threshold" name="enblThrsh4"></DValue>
						<DValue type="threshold" name="checkThrsh4"></DValue>
						<DValue value="" type="string" name="sText5"></DValue>
						<DValue value="" type="string" name="sDescr5"></DValue>
						<DValue value="" type="string" name="sDescrPath5"></DValue>
						<DValue value="" type="string" name="sActionProcPath5"></DValue>
						<DValue value="" type="string" name="sProcPathOnRelease5"></DValue>
						<DValue value="1" type="bool" name="bExecOnSprtThrd5"></DValue>
						<DValue value="" type="string" name="sFileImg5"></DValue>
						<DValue value="" type="string" name="sFileHighlightImg5"></DValue>
						<DValue value="0" type="int" name="dwHotKey5"></DValue>
						<DValue value="None" type="string" name="strHotKey5"></DValue>
						<DValue value="1" type="bool" name="bRadioModeFromWdgt5"></DValue>
						<DValue value="1" type="bool" name="bSyncWithInputMode5"></DValue>
						<DValue type="threshold" name="vsbltThrsh5"></DValue>
						<DValue type="threshold" name="enblThrsh5"></DValue>
						<DValue type="threshold" name="checkThrsh5"></DValue>
					</Params>
				</RadioButtons>
			</Group>
			<Group text="Description" color="4802118" text_color="13948887">
				<Description text="text" left-margin="-1" description="Description">
					<visibility_threshold></visibility_threshold>
					<enable_threshold></enable_threshold>
				</Description>
			</Group>
			<ObjectDependencies>
				<ImgLayers>
					<ChnlProxyCntnr>
						<Layers></Layers>
						<Variables>
							<ChnlProxy strName="point_cloud_select" flags="5">
								<DValue type="img_chnl" value=""></DValue>
								<Scope GUID="00000000-0000-0000-0000-000000000000"></Scope>
							</ChnlProxy>
						</Variables>
					</ChnlProxyCntnr>
				</ImgLayers>
				<ThmLayers>
					<ChnlProxyCntnr>
						<Layers></Layers>
						<Variables></Variables>
					</ChnlProxyCntnr>
				</ThmLayers>
				<MapLvlProxyCntnr>
					<MapLvlProxies></MapLvlProxies>
					<MapLvlVrblValues></MapLvlVrblValues>
				</MapLvlProxyCntnr>
				<ProcVrblCntnr></ProcVrblCntnr>
				<ClssHrchy EvalInvalid="1" MinProb="0.10000000000000000555111512312578270212" NNSlope="0.20000000000000001110223024625156540424" RdiResamplOptns="3">
					<AllClss></AllClss>
					<PropTree version="20100426">
						<AllProps></AllProps>
						<UserGroups></UserGroups>
					</PropTree>
					<Brightness>
						<Map MapName="main">
							<ChnlWghtBrght></ChnlWghtBrght>
						</Map>
					</Brightness>
					<AllVrblClss></AllVrblClss>
					<AllSubClss></AllSubClss>
					<AllTerm></AllTerm>
				</ClssHrchy>
				<MapVrblCntnr></MapVrblCntnr>
				<FtrListVrblCntnr></FtrListVrblCntnr>
				<CoordVrblCntnr></CoordVrblCntnr>
				<ROIVrblCntnr></ROIVrblCntnr>
				<ImgObjListVrblCntnr></ImgObjListVrblCntnr>
				<ArrayCntnr>
					<Arrays></Arrays>
					<ArrayVrbls></ArrayVrbls>
				</ArrayCntnr>
			</ObjectDependencies>
		</Properties>
		<Dependencies>
			<ProjectStateRequired>
				<SceneState></SceneState>
				<ImgObjState></ImgObjState>
			</ProjectStateRequired>
			<ProjectStateAdd>
				<SceneState></SceneState>
				<ImgObjState></ImgObjState>
			</ProjectStateAdd>
			<ProjectStateRemoved>
				<SceneState></SceneState>
				<ImgObjState></ImgObjState>
			</ProjectStateRemoved>
			<ProjectStateForbidden>
				<SceneState></SceneState>
				<ImgObjState></ImgObjState>
			</ProjectStateForbidden>
		</Dependencies>
	</ActionDefinition>
</ActionFile>