<?xml version="1.0" encoding="UTF-8"?>
<ActionFile>
	<ActionDefinition name="   3. Interpolate Rasters" id="Interpolate_Rasters" icon="interpolate_rasters.png" state-icon-variable="generic_icon" filter="B" guid="86EDBC50-24D5-11EE-8B30-2811A80E3F16" use_only_once="1" priority="0" can-remove="1">
		<RuleSet file="Ruleset.dcp"></RuleSet>
		<Description></Description>
		<Process name="" parameter_set="interpolate_rasters"></Process>
		<Properties>
			<Group text="Interpolation Mode" color="32768" text_color="13948887">
				<Combo text="Select Interpolation Mode" left-margin="-1" description="Choose an Interpolation Mode for filling the Rasters gaps." variable="interpolation_mode" process-sel-change="Working with LiDAR//Interpolate Rasters//Interpolation Mode" use-array="0" drop-down-width="150" top-margin="0">
					<visibility_threshold></visibility_threshold>
					<enable_threshold></enable_threshold>
					<Item text="Linear Interpolation" value="1."></Item>
					<Item text="Inverse Distance Weighting (IDW)" value="2."></Item>
					<Item text="&lt;not asigned>" value="3."></Item>
				</Combo>
				<Combo text="IDW Distance Weight" left-margin="-1" description="Define a value for the exponent of the IDW Distance Weighting" variable="IDW_distance_weight" process-sel-change="Working with LiDAR//Interpolate Rasters//Interpolation Mode" use-array="0" drop-down-width="150" top-margin="0">
					<visibility_threshold>
						<TermThrsh>
							<TermGroup eJoint="2">
								<TermCondition eBaseUnit="0" eCmpr="5" eJoint="2">
									<ProcVrblVal1>
									<DValue type="procVarId" value="5"></DValue>
									</ProcVrblVal1>
									<ProcVrblVal2>
									<DValue type="double" value="2."></DValue>
									</ProcVrblVal2>
								</TermCondition>
							</TermGroup>
						</TermThrsh>
					</visibility_threshold>
					<enable_threshold></enable_threshold>
					<Item text="2" value="2."></Item>
					<Item text="1000" value="1000."></Item>
				</Combo>
			</Group>
			<Group text="Interpolate Rasters" color="32768" text_color="13948887">
				<Button text="" left-margin="0" description="Fill the missing data in the DSM Raster by interpolation. Previous gaps are outlined in blue." img="" mode="radio" button_text="       Fill gaps DSM - Linear Interpo.      " hor_offset="0" width="0">
					<visibility_threshold>
						<TermThrsh>
							<TermGroup eJoint="2">
								<TermCondition eBaseUnit="0" eCmpr="5" eJoint="2">
									<ProcVrblVal1>
									<DValue type="procVarId" value="5"></DValue>
									</ProcVrblVal1>
									<ProcVrblVal2>
									<DValue type="double" value="1."></DValue>
									</ProcVrblVal2>
								</TermCondition>
							</TermGroup>
						</TermThrsh>
					</visibility_threshold>
					<enable_threshold></enable_threshold>
					<RuleSet file="Ruleset.dcp"></RuleSet>
					<Process push="Working with LiDAR//Interpolate Rasters//Interpolate Rasters Linear Interpolation//Interpolating DSM" release=""></Process>
					<Description>Fill the missing data in the DSM Raster by interpolation. Previous gaps are outlined in blue.</Description>
				</Button>
				<Button text="" left-margin="0" description="Fill the missing data in the Number of Returns Raster by interpolation.  Previous gaps are outlined in blue." img="" mode="radio" button_text="Fill gaps # of Returns - Linear Interpo." hor_offset="0" width="0">
					<visibility_threshold>
						<TermThrsh>
							<TermGroup eJoint="2">
								<TermCondition eBaseUnit="0" eCmpr="5" eJoint="2">
									<ProcVrblVal1>
									<DValue type="procVarId" value="5"></DValue>
									</ProcVrblVal1>
									<ProcVrblVal2>
									<DValue type="double" value="1."></DValue>
									</ProcVrblVal2>
								</TermCondition>
							</TermGroup>
						</TermThrsh>
					</visibility_threshold>
					<enable_threshold></enable_threshold>
					<RuleSet file="Ruleset.dcp"></RuleSet>
					<Process push="Working with LiDAR//Interpolate Rasters//Interpolate Rasters Linear Interpolation//Interpolating Number of Returns" release=""></Process>
					<Description>Fill the missing data in the Number of Returns Raster by interpolation.  Previous gaps are outlined in blue.</Description>
				</Button>
				<Button text="" left-margin="0" description="Fill the missing data in the DSM Raster by interpolation.  Previous gaps are outlined in blue." img="" mode="radio" button_text="      Fill gaps DSM - IDW       " hor_offset="0" width="0">
					<visibility_threshold>
						<TermThrsh>
							<TermGroup eJoint="2">
								<TermCondition eBaseUnit="0" eCmpr="5" eJoint="2">
									<ProcVrblVal1>
									<DValue type="procVarId" value="5"></DValue>
									</ProcVrblVal1>
									<ProcVrblVal2>
									<DValue type="double" value="2."></DValue>
									</ProcVrblVal2>
								</TermCondition>
							</TermGroup>
						</TermThrsh>
					</visibility_threshold>
					<enable_threshold></enable_threshold>
					<RuleSet file="Ruleset.dcp"></RuleSet>
					<Process push="Working with LiDAR//Interpolate Rasters//Interpolate Rasters IDW//Interpolating DSM" release=""></Process>
					<Description>Fill the missing data in the DSM Raster by interpolation.  Previous gaps are outlined in blue.</Description>
				</Button>
				<Button text="" left-margin="0" description="Fill the missing data in the DSM Raster by interpolation.  Previous gaps are outlined in blue." img="" mode="radio" button_text="Fill gaps # of Returns - IDW" hor_offset="0" width="0">
					<visibility_threshold>
						<TermThrsh>
							<TermGroup eJoint="2">
								<TermCondition eBaseUnit="0" eCmpr="5" eJoint="2">
									<ProcVrblVal1>
									<DValue type="procVarId" value="5"></DValue>
									</ProcVrblVal1>
									<ProcVrblVal2>
									<DValue type="double" value="2."></DValue>
									</ProcVrblVal2>
								</TermCondition>
							</TermGroup>
						</TermThrsh>
					</visibility_threshold>
					<enable_threshold></enable_threshold>
					<RuleSet file="Ruleset.dcp"></RuleSet>
					<Process push="Working with LiDAR//Interpolate Rasters//Interpolate Rasters IDW//Interpolating Number of Returns" release=""></Process>
					<Description>Fill the missing data in the DSM Raster by interpolation.  Previous gaps are outlined in blue.</Description>
				</Button>
			</Group>
			<Group text="Step Status" color="32768" text_color="13948887">
				<RadioButtons text="text" left-margin="8" description="">
					<visibility_threshold></visibility_threshold>
					<enable_threshold></enable_threshold>
					<Params>
						<DValue value="8" type="int" name="iLeftMargin"></DValue>
						<DValue value="3589271D-393C-11EE-952D-48E7DA104EBC" type="string" name="strGuid"></DValue>
						<DValue value="" type="string" name="strRuleset"></DValue>
						<DValue value="1" type="bool" name="bRadioMode"></DValue>
						<DValue value="0" type="int" name="eRadioScope"></DValue>
						<DValue type="threshold" name="xmlVsbltThrsh"></DValue>
						<DValue type="threshold" name="xmlEnblThrsh"></DValue>
						<DValue value="Complete" type="string" name="sText1"></DValue>
						<DValue value="Mark the 3. Interpolate Layers  step as complete." type="string" name="sDescr1"></DValue>
						<DValue value="" type="string" name="sDescrPath1"></DValue>
						<DValue value="Working with LiDAR//Interpolate Rasters//Step Status//Complete" type="string" name="sActionProcPath1"></DValue>
						<DValue value="" type="string" name="sProcPathOnRelease1"></DValue>
						<DValue value="1" type="bool" name="bExecOnSprtThrd1"></DValue>
						<DValue value="complete.png" type="string" name="sFileImg1"></DValue>
						<DValue value="" type="string" name="sFileHighlightImg1"></DValue>
						<DValue value="0" type="int" name="dwHotKey1"></DValue>
						<DValue value="None" type="string" name="strHotKey1"></DValue>
						<DValue value="1" type="bool" name="bRadioModeFromWdgt1"></DValue>
						<DValue value="1" type="bool" name="bSyncWithInputMode1"></DValue>
						<DValue type="threshold" name="vsbltThrsh1"></DValue>
						<DValue type="threshold" name="enblThrsh1"></DValue>
						<DValue type="threshold" name="checkThrsh1"></DValue>
						<DValue value="Revert" type="string" name="sText2"></DValue>
						<DValue value="Unmark the 3. Interpolate Layers  step as complete." type="string" name="sDescr2"></DValue>
						<DValue value="" type="string" name="sDescrPath2"></DValue>
						<DValue value="Working with LiDAR//Interpolate Rasters//Step Status//Revert" type="string" name="sActionProcPath2"></DValue>
						<DValue value="" type="string" name="sProcPathOnRelease2"></DValue>
						<DValue value="1" type="bool" name="bExecOnSprtThrd2"></DValue>
						<DValue value="revert.png" type="string" name="sFileImg2"></DValue>
						<DValue value="" type="string" name="sFileHighlightImg2"></DValue>
						<DValue value="0" type="int" name="dwHotKey2"></DValue>
						<DValue value="None" type="string" name="strHotKey2"></DValue>
						<DValue value="1" type="bool" name="bRadioModeFromWdgt2"></DValue>
						<DValue value="1" type="bool" name="bSyncWithInputMode2"></DValue>
						<DValue type="threshold" name="vsbltThrsh2"></DValue>
						<DValue type="threshold" name="enblThrsh2"></DValue>
						<DValue type="threshold" name="checkThrsh2"></DValue>
						<DValue value="" type="string" name="sText3"></DValue>
						<DValue value="" type="string" name="sDescr3"></DValue>
						<DValue value="" type="string" name="sDescrPath3"></DValue>
						<DValue value="" type="string" name="sActionProcPath3"></DValue>
						<DValue value="" type="string" name="sProcPathOnRelease3"></DValue>
						<DValue value="1" type="bool" name="bExecOnSprtThrd3"></DValue>
						<DValue value="" type="string" name="sFileImg3"></DValue>
						<DValue value="" type="string" name="sFileHighlightImg3"></DValue>
						<DValue value="0" type="int" name="dwHotKey3"></DValue>
						<DValue value="None" type="string" name="strHotKey3"></DValue>
						<DValue value="1" type="bool" name="bRadioModeFromWdgt3"></DValue>
						<DValue value="1" type="bool" name="bSyncWithInputMode3"></DValue>
						<DValue type="threshold" name="vsbltThrsh3"></DValue>
						<DValue type="threshold" name="enblThrsh3"></DValue>
						<DValue type="threshold" name="checkThrsh3"></DValue>
						<DValue value="" type="string" name="sText4"></DValue>
						<DValue value="" type="string" name="sDescr4"></DValue>
						<DValue value="" type="string" name="sDescrPath4"></DValue>
						<DValue value="" type="string" name="sActionProcPath4"></DValue>
						<DValue value="" type="string" name="sProcPathOnRelease4"></DValue>
						<DValue value="1" type="bool" name="bExecOnSprtThrd4"></DValue>
						<DValue value="" type="string" name="sFileImg4"></DValue>
						<DValue value="" type="string" name="sFileHighlightImg4"></DValue>
						<DValue value="0" type="int" name="dwHotKey4"></DValue>
						<DValue value="None" type="string" name="strHotKey4"></DValue>
						<DValue value="1" type="bool" name="bRadioModeFromWdgt4"></DValue>
						<DValue value="1" type="bool" name="bSyncWithInputMode4"></DValue>
						<DValue type="threshold" name="vsbltThrsh4"></DValue>
						<DValue type="threshold" name="enblThrsh4"></DValue>
						<DValue type="threshold" name="checkThrsh4"></DValue>
						<DValue value="" type="string" name="sText5"></DValue>
						<DValue value="" type="string" name="sDescr5"></DValue>
						<DValue value="" type="string" name="sDescrPath5"></DValue>
						<DValue value="" type="string" name="sActionProcPath5"></DValue>
						<DValue value="" type="string" name="sProcPathOnRelease5"></DValue>
						<DValue value="1" type="bool" name="bExecOnSprtThrd5"></DValue>
						<DValue value="" type="string" name="sFileImg5"></DValue>
						<DValue value="" type="string" name="sFileHighlightImg5"></DValue>
						<DValue value="0" type="int" name="dwHotKey5"></DValue>
						<DValue value="None" type="string" name="strHotKey5"></DValue>
						<DValue value="1" type="bool" name="bRadioModeFromWdgt5"></DValue>
						<DValue value="1" type="bool" name="bSyncWithInputMode5"></DValue>
						<DValue type="threshold" name="vsbltThrsh5"></DValue>
						<DValue type="threshold" name="enblThrsh5"></DValue>
						<DValue type="threshold" name="checkThrsh5"></DValue>
					</Params>
				</RadioButtons>
			</Group>
			<Group text="Description" color="4802118" text_color="13948887">
				<Description text="text" left-margin="-1" description="Description">
					<visibility_threshold></visibility_threshold>
					<enable_threshold></enable_threshold>
				</Description>
			</Group>
			<ObjectDependencies>
				<ImgLayers>
					<ChnlProxyCntnr>
						<Layers></Layers>
						<Variables></Variables>
					</ChnlProxyCntnr>
				</ImgLayers>
				<ThmLayers>
					<ChnlProxyCntnr>
						<Layers></Layers>
						<Variables></Variables>
					</ChnlProxyCntnr>
				</ThmLayers>
				<MapLvlProxyCntnr>
					<MapLvlProxies></MapLvlProxies>
					<MapLvlVrblValues></MapLvlVrblValues>
				</MapLvlProxyCntnr>
				<ProcVrblCntnr>
					<ProcVrbl iId="7" eType="1">
						<DValue value="1000." type="double"></DValue>
						<NameExpr strTextExpr="IDW_distance_weight"></NameExpr>
						<Scope GUID="00000000-0000-0000-0000-000000000000"></Scope>
						<SharedInfo bShared="0" strInstGUID=""></SharedInfo>
					</ProcVrbl>
					<ProcVrbl iId="5" eType="1">
						<DValue value="3." type="double"></DValue>
						<NameExpr strTextExpr="interpolation_mode"></NameExpr>
						<Scope GUID="00000000-0000-0000-0000-000000000000"></Scope>
						<SharedInfo bShared="0" strInstGUID=""></SharedInfo>
					</ProcVrbl>
				</ProcVrblCntnr>
				<ClssHrchy EvalInvalid="1" MinProb="0.10000000000000000555111512312578270212" NNSlope="0.20000000000000001110223024625156540424" RdiResamplOptns="3">
					<AllClss></AllClss>
					<PropTree version="20100426">
						<AllProps>
							<PropDscr Flag="2147483650" strUserName="fcam_" tChngTime="1691932515" group_id="global.object.vrbl.vrbl_arr.prop">
								<PropDscrId GUID="5EB15E4B-593A-432f-A0ED-9B38627475D2" InstID="interpolation_mode"></PropDscrId>
								<LcnsInfo sLcnsId="" sPwd=""></LcnsInfo>
								<Scope GUID="00000000-0000-0000-0000-000000000000"></Scope>
								<Params>
									<DValue value="_interpolation_mode" type="string" name="NameExpr"></DValue>
									<DValue value="3." type="double" name="vVal"></DValue>
									<DValue value="0" type="bool" name="bShared"></DValue>
									<DValue value="" type="string" name="strInstGUID"></DValue>
								</Params>
							</PropDscr>
						</AllProps>
						<UserGroups></UserGroups>
					</PropTree>
					<Brightness>
						<Map MapName="main">
							<ChnlWghtBrght></ChnlWghtBrght>
						</Map>
					</Brightness>
					<AllVrblClss></AllVrblClss>
					<AllSubClss></AllSubClss>
					<AllTerm></AllTerm>
				</ClssHrchy>
				<MapVrblCntnr></MapVrblCntnr>
				<FtrListVrblCntnr></FtrListVrblCntnr>
				<CoordVrblCntnr></CoordVrblCntnr>
				<ROIVrblCntnr></ROIVrblCntnr>
				<ImgObjListVrblCntnr></ImgObjListVrblCntnr>
				<ArrayCntnr>
					<Arrays></Arrays>
					<ArrayVrbls></ArrayVrbls>
				</ArrayCntnr>
			</ObjectDependencies>
		</Properties>
		<Dependencies>
			<ProjectStateRequired>
				<SceneState></SceneState>
				<ImgObjState></ImgObjState>
			</ProjectStateRequired>
			<ProjectStateAdd>
				<SceneState></SceneState>
				<ImgObjState></ImgObjState>
			</ProjectStateAdd>
			<ProjectStateRemoved>
				<SceneState></SceneState>
				<ImgObjState></ImgObjState>
			</ProjectStateRemoved>
			<ProjectStateForbidden>
				<SceneState></SceneState>
				<ImgObjState></ImgObjState>
			</ProjectStateForbidden>
		</Dependencies>
	</ActionDefinition>
</ActionFile>