<?xml version="1.0" encoding="UTF-8"?>
<ActionFile>
	<ActionDefinition name="   4. Add Image Layer to be classified" id="Add_Image" icon="add_image.png" state-icon-variable="generic_icon" filter="M" guid="095D6B26-39E4-11EE-9530-48E7DA104EBC" use_only_once="1" priority="0" can-remove="1">
		<RuleSet file="Ruleset.dcp"></RuleSet>
		<Description></Description>
		<Process name="" parameter_set="add_image"></Process>
		<Properties>
			<Group text="Add Image Layer" color="128" text_color="13948887">
				<Button text="" left-margin="0" description="Load Image Layer to be classified. Click continue on any CRS warning dialog boxes." img="" mode="push" button_text="Load Image Layer" hor_offset="0" width="0">
					<visibility_threshold></visibility_threshold>
					<enable_threshold></enable_threshold>
					<RuleSet file="Ruleset.dcp"></RuleSet>
					<Process push="Working with LiDAR//Add Image Layer to be classified//Add Image Layer" release=""></Process>
					<Description>Load Image Layer to be classified. Click continue on any CRS warning dialog boxes.</Description>
				</Button>
			</Group>
			<Group text="Update Image Layer bands alias" color="128" text_color="13948887">
				<Edit text="Layer 2 corresponding band" left-margin="-1" description="Type the band associated to Layer 2. Possible values: red, green, blue, nir. Note: lowercase" variable="layer2_band" type="string">
					<visibility_threshold></visibility_threshold>
					<enable_threshold></enable_threshold>
				</Edit>
				<Edit text="Layer 3 corresponding band" left-margin="-1" description="Type the band associated to Layer 3. Possible values: red, green, blue, nir. Note: lowercase" variable="layer3_band" type="string">
					<visibility_threshold></visibility_threshold>
					<enable_threshold></enable_threshold>
				</Edit>
				<Edit text="Layer 4 corresponding band" left-margin="-1" description="Type the band associated to Layer 4. Possible values: red, green, blue, nir. Note: lowercase" variable="layer4_band" type="string">
					<visibility_threshold></visibility_threshold>
					<enable_threshold></enable_threshold>
				</Edit>
				<Edit text="Layer 5 corresponding band" left-margin="-1" description="Type the band associated to Layer 5. Possible values: red, green, blue, nir. Note: lowercase" variable="layer5_band" type="string">
					<visibility_threshold></visibility_threshold>
					<enable_threshold></enable_threshold>
				</Edit>
				<Button text="" left-margin="-1" description="Click to update Layer bands alias." img="" mode="push" button_text="Execute Update" hor_offset="0" width="0">
					<visibility_threshold></visibility_threshold>
					<enable_threshold></enable_threshold>
					<RuleSet file="Ruleset.dcp"></RuleSet>
					<Process push="Working with LiDAR//Add Image Layer to be classified//Update Image Layer bands alias" release=""></Process>
					<Description>Click to update Layer bands alias.</Description>
				</Button>
			</Group>
			<Group text="Visualize Image Layer" color="128" text_color="13948887">
				<RadioButtons text="text" left-margin="8" description="">
					<visibility_threshold></visibility_threshold>
					<enable_threshold></enable_threshold>
					<Params>
						<DValue value="8" type="int" name="iLeftMargin"></DValue>
						<DValue value="11CA3ABB-3A39-11EE-9530-48E7DA104EBC" type="string" name="strGuid"></DValue>
						<DValue value="" type="string" name="strRuleset"></DValue>
						<DValue value="1" type="bool" name="bRadioMode"></DValue>
						<DValue value="0" type="int" name="eRadioScope"></DValue>
						<DValue type="threshold" name="xmlVsbltThrsh"></DValue>
						<DValue type="threshold" name="xmlEnblThrsh"></DValue>
						<DValue value="RGB" type="string" name="sText1"></DValue>
						<DValue value="Visualize True Color Composite" type="string" name="sDescr1"></DValue>
						<DValue value="" type="string" name="sDescrPath1"></DValue>
						<DValue value="Working with LiDAR//Add Image Layer to be classified//Visualize Image Layer" type="string" name="sActionProcPath1"></DValue>
						<DValue value="" type="string" name="sProcPathOnRelease1"></DValue>
						<DValue value="1" type="bool" name="bExecOnSprtThrd1"></DValue>
						<DValue value="rgb.png" type="string" name="sFileImg1"></DValue>
						<DValue value="" type="string" name="sFileHighlightImg1"></DValue>
						<DValue value="0" type="int" name="dwHotKey1"></DValue>
						<DValue value="None" type="string" name="strHotKey1"></DValue>
						<DValue value="1" type="bool" name="bRadioModeFromWdgt1"></DValue>
						<DValue value="1" type="bool" name="bSyncWithInputMode1"></DValue>
						<DValue type="threshold" name="vsbltThrsh1"></DValue>
						<DValue type="threshold" name="enblThrsh1"></DValue>
						<DValue type="threshold" name="checkThrsh1"></DValue>
						<DValue value="" type="string" name="sText2"></DValue>
						<DValue value="" type="string" name="sDescr2"></DValue>
						<DValue value="" type="string" name="sDescrPath2"></DValue>
						<DValue value="" type="string" name="sActionProcPath2"></DValue>
						<DValue value="" type="string" name="sProcPathOnRelease2"></DValue>
						<DValue value="1" type="bool" name="bExecOnSprtThrd2"></DValue>
						<DValue value="" type="string" name="sFileImg2"></DValue>
						<DValue value="" type="string" name="sFileHighlightImg2"></DValue>
						<DValue value="0" type="int" name="dwHotKey2"></DValue>
						<DValue value="None" type="string" name="strHotKey2"></DValue>
						<DValue value="1" type="bool" name="bRadioModeFromWdgt2"></DValue>
						<DValue value="1" type="bool" name="bSyncWithInputMode2"></DValue>
						<DValue type="threshold" name="vsbltThrsh2"></DValue>
						<DValue type="threshold" name="enblThrsh2"></DValue>
						<DValue type="threshold" name="checkThrsh2"></DValue>
						<DValue value="" type="string" name="sText3"></DValue>
						<DValue value="" type="string" name="sDescr3"></DValue>
						<DValue value="" type="string" name="sDescrPath3"></DValue>
						<DValue value="" type="string" name="sActionProcPath3"></DValue>
						<DValue value="" type="string" name="sProcPathOnRelease3"></DValue>
						<DValue value="1" type="bool" name="bExecOnSprtThrd3"></DValue>
						<DValue value="" type="string" name="sFileImg3"></DValue>
						<DValue value="" type="string" name="sFileHighlightImg3"></DValue>
						<DValue value="0" type="int" name="dwHotKey3"></DValue>
						<DValue value="None" type="string" name="strHotKey3"></DValue>
						<DValue value="1" type="bool" name="bRadioModeFromWdgt3"></DValue>
						<DValue value="1" type="bool" name="bSyncWithInputMode3"></DValue>
						<DValue type="threshold" name="vsbltThrsh3"></DValue>
						<DValue type="threshold" name="enblThrsh3"></DValue>
						<DValue type="threshold" name="checkThrsh3"></DValue>
						<DValue value="" type="string" name="sText4"></DValue>
						<DValue value="" type="string" name="sDescr4"></DValue>
						<DValue value="" type="string" name="sDescrPath4"></DValue>
						<DValue value="" type="string" name="sActionProcPath4"></DValue>
						<DValue value="" type="string" name="sProcPathOnRelease4"></DValue>
						<DValue value="1" type="bool" name="bExecOnSprtThrd4"></DValue>
						<DValue value="" type="string" name="sFileImg4"></DValue>
						<DValue value="" type="string" name="sFileHighlightImg4"></DValue>
						<DValue value="0" type="int" name="dwHotKey4"></DValue>
						<DValue value="None" type="string" name="strHotKey4"></DValue>
						<DValue value="1" type="bool" name="bRadioModeFromWdgt4"></DValue>
						<DValue value="1" type="bool" name="bSyncWithInputMode4"></DValue>
						<DValue type="threshold" name="vsbltThrsh4"></DValue>
						<DValue type="threshold" name="enblThrsh4"></DValue>
						<DValue type="threshold" name="checkThrsh4"></DValue>
						<DValue value="" type="string" name="sText5"></DValue>
						<DValue value="" type="string" name="sDescr5"></DValue>
						<DValue value="" type="string" name="sDescrPath5"></DValue>
						<DValue value="" type="string" name="sActionProcPath5"></DValue>
						<DValue value="" type="string" name="sProcPathOnRelease5"></DValue>
						<DValue value="1" type="bool" name="bExecOnSprtThrd5"></DValue>
						<DValue value="" type="string" name="sFileImg5"></DValue>
						<DValue value="" type="string" name="sFileHighlightImg5"></DValue>
						<DValue value="0" type="int" name="dwHotKey5"></DValue>
						<DValue value="None" type="string" name="strHotKey5"></DValue>
						<DValue value="1" type="bool" name="bRadioModeFromWdgt5"></DValue>
						<DValue value="1" type="bool" name="bSyncWithInputMode5"></DValue>
						<DValue type="threshold" name="vsbltThrsh5"></DValue>
						<DValue type="threshold" name="enblThrsh5"></DValue>
						<DValue type="threshold" name="checkThrsh5"></DValue>
					</Params>
				</RadioButtons>
			</Group>
			<Group text="Step Status" color="128" text_color="13948887">
				<RadioButtons text="text" left-margin="8" description="">
					<visibility_threshold></visibility_threshold>
					<enable_threshold></enable_threshold>
					<Params>
						<DValue value="8" type="int" name="iLeftMargin"></DValue>
						<DValue value="FA8AEFA0-3901-11EE-952D-48E7DA104EBC" type="string" name="strGuid"></DValue>
						<DValue value="" type="string" name="strRuleset"></DValue>
						<DValue value="1" type="bool" name="bRadioMode"></DValue>
						<DValue value="0" type="int" name="eRadioScope"></DValue>
						<DValue type="threshold" name="xmlVsbltThrsh"></DValue>
						<DValue type="threshold" name="xmlEnblThrsh"></DValue>
						<DValue value="Complete" type="string" name="sText1"></DValue>
						<DValue value="Mark the 4. Add Image Layer to be classified step as complete." type="string" name="sDescr1"></DValue>
						<DValue value="" type="string" name="sDescrPath1"></DValue>
						<DValue value="Working with LiDAR//Add Image Layer to be classified//Step Status//Complete" type="string" name="sActionProcPath1"></DValue>
						<DValue value="" type="string" name="sProcPathOnRelease1"></DValue>
						<DValue value="1" type="bool" name="bExecOnSprtThrd1"></DValue>
						<DValue value="complete.png" type="string" name="sFileImg1"></DValue>
						<DValue value="" type="string" name="sFileHighlightImg1"></DValue>
						<DValue value="0" type="int" name="dwHotKey1"></DValue>
						<DValue value="None" type="string" name="strHotKey1"></DValue>
						<DValue value="1" type="bool" name="bRadioModeFromWdgt1"></DValue>
						<DValue value="1" type="bool" name="bSyncWithInputMode1"></DValue>
						<DValue type="threshold" name="vsbltThrsh1"></DValue>
						<DValue type="threshold" name="enblThrsh1"></DValue>
						<DValue type="threshold" name="checkThrsh1"></DValue>
						<DValue value="Revert" type="string" name="sText2"></DValue>
						<DValue value="Unmark the 4. Add Image Layer to be classified step as complete." type="string" name="sDescr2"></DValue>
						<DValue value="" type="string" name="sDescrPath2"></DValue>
						<DValue value="Working with LiDAR//Add Image Layer to be classified//Step Status//Revert" type="string" name="sActionProcPath2"></DValue>
						<DValue value="" type="string" name="sProcPathOnRelease2"></DValue>
						<DValue value="1" type="bool" name="bExecOnSprtThrd2"></DValue>
						<DValue value="revert.png" type="string" name="sFileImg2"></DValue>
						<DValue value="" type="string" name="sFileHighlightImg2"></DValue>
						<DValue value="0" type="int" name="dwHotKey2"></DValue>
						<DValue value="None" type="string" name="strHotKey2"></DValue>
						<DValue value="1" type="bool" name="bRadioModeFromWdgt2"></DValue>
						<DValue value="1" type="bool" name="bSyncWithInputMode2"></DValue>
						<DValue type="threshold" name="vsbltThrsh2"></DValue>
						<DValue type="threshold" name="enblThrsh2"></DValue>
						<DValue type="threshold" name="checkThrsh2"></DValue>
						<DValue value="" type="string" name="sText3"></DValue>
						<DValue value="" type="string" name="sDescr3"></DValue>
						<DValue value="" type="string" name="sDescrPath3"></DValue>
						<DValue value="" type="string" name="sActionProcPath3"></DValue>
						<DValue value="" type="string" name="sProcPathOnRelease3"></DValue>
						<DValue value="1" type="bool" name="bExecOnSprtThrd3"></DValue>
						<DValue value="" type="string" name="sFileImg3"></DValue>
						<DValue value="" type="string" name="sFileHighlightImg3"></DValue>
						<DValue value="0" type="int" name="dwHotKey3"></DValue>
						<DValue value="None" type="string" name="strHotKey3"></DValue>
						<DValue value="1" type="bool" name="bRadioModeFromWdgt3"></DValue>
						<DValue value="1" type="bool" name="bSyncWithInputMode3"></DValue>
						<DValue type="threshold" name="vsbltThrsh3"></DValue>
						<DValue type="threshold" name="enblThrsh3"></DValue>
						<DValue type="threshold" name="checkThrsh3"></DValue>
						<DValue value="" type="string" name="sText4"></DValue>
						<DValue value="" type="string" name="sDescr4"></DValue>
						<DValue value="" type="string" name="sDescrPath4"></DValue>
						<DValue value="" type="string" name="sActionProcPath4"></DValue>
						<DValue value="" type="string" name="sProcPathOnRelease4"></DValue>
						<DValue value="1" type="bool" name="bExecOnSprtThrd4"></DValue>
						<DValue value="" type="string" name="sFileImg4"></DValue>
						<DValue value="" type="string" name="sFileHighlightImg4"></DValue>
						<DValue value="0" type="int" name="dwHotKey4"></DValue>
						<DValue value="None" type="string" name="strHotKey4"></DValue>
						<DValue value="1" type="bool" name="bRadioModeFromWdgt4"></DValue>
						<DValue value="1" type="bool" name="bSyncWithInputMode4"></DValue>
						<DValue type="threshold" name="vsbltThrsh4"></DValue>
						<DValue type="threshold" name="enblThrsh4"></DValue>
						<DValue type="threshold" name="checkThrsh4"></DValue>
						<DValue value="" type="string" name="sText5"></DValue>
						<DValue value="" type="string" name="sDescr5"></DValue>
						<DValue value="" type="string" name="sDescrPath5"></DValue>
						<DValue value="" type="string" name="sActionProcPath5"></DValue>
						<DValue value="" type="string" name="sProcPathOnRelease5"></DValue>
						<DValue value="1" type="bool" name="bExecOnSprtThrd5"></DValue>
						<DValue value="" type="string" name="sFileImg5"></DValue>
						<DValue value="" type="string" name="sFileHighlightImg5"></DValue>
						<DValue value="0" type="int" name="dwHotKey5"></DValue>
						<DValue value="None" type="string" name="strHotKey5"></DValue>
						<DValue value="1" type="bool" name="bRadioModeFromWdgt5"></DValue>
						<DValue value="1" type="bool" name="bSyncWithInputMode5"></DValue>
						<DValue type="threshold" name="vsbltThrsh5"></DValue>
						<DValue type="threshold" name="enblThrsh5"></DValue>
						<DValue type="threshold" name="checkThrsh5"></DValue>
					</Params>
				</RadioButtons>
			</Group>
			<Group text="Description" color="4802118" text_color="13948887">
				<Description text="text" left-margin="-1" description="Description">
					<visibility_threshold></visibility_threshold>
					<enable_threshold></enable_threshold>
				</Description>
			</Group>
			<ObjectDependencies>
				<ImgLayers>
					<ChnlProxyCntnr>
						<Layers></Layers>
						<Variables></Variables>
					</ChnlProxyCntnr>
				</ImgLayers>
				<ThmLayers>
					<ChnlProxyCntnr>
						<Layers></Layers>
						<Variables></Variables>
					</ChnlProxyCntnr>
				</ThmLayers>
				<MapLvlProxyCntnr>
					<MapLvlProxies></MapLvlProxies>
					<MapLvlVrblValues></MapLvlVrblValues>
				</MapLvlProxyCntnr>
				<ProcVrblCntnr>
					<ProcVrbl iId="17" eType="1">
						<DValue value="red" type="string"></DValue>
						<NameExpr strTextExpr="layer2_band"></NameExpr>
						<Scope GUID="00000000-0000-0000-0000-000000000000"></Scope>
						<SharedInfo bShared="0" strInstGUID=""></SharedInfo>
					</ProcVrbl>
					<ProcVrbl iId="18" eType="1">
						<DValue value="green" type="string"></DValue>
						<NameExpr strTextExpr="layer3_band"></NameExpr>
						<Scope GUID="00000000-0000-0000-0000-000000000000"></Scope>
						<SharedInfo bShared="0" strInstGUID=""></SharedInfo>
					</ProcVrbl>
					<ProcVrbl iId="19" eType="1">
						<DValue value="blue" type="string"></DValue>
						<NameExpr strTextExpr="layer4_band"></NameExpr>
						<Scope GUID="00000000-0000-0000-0000-000000000000"></Scope>
						<SharedInfo bShared="0" strInstGUID=""></SharedInfo>
					</ProcVrbl>
					<ProcVrbl iId="20" eType="1">
						<DValue value="nir" type="string"></DValue>
						<NameExpr strTextExpr="layer5_band"></NameExpr>
						<Scope GUID="00000000-0000-0000-0000-000000000000"></Scope>
						<SharedInfo bShared="0" strInstGUID=""></SharedInfo>
					</ProcVrbl>
				</ProcVrblCntnr>
				<ClssHrchy EvalInvalid="1" MinProb="0.10000000000000000555111512312578270212" NNSlope="0.20000000000000001110223024625156540424" RdiResamplOptns="3">
					<AllClss></AllClss>
					<PropTree version="20100426">
						<AllProps></AllProps>
						<UserGroups></UserGroups>
					</PropTree>
					<Brightness>
						<Map MapName="main">
							<ChnlWghtBrght></ChnlWghtBrght>
						</Map>
					</Brightness>
					<AllVrblClss></AllVrblClss>
					<AllSubClss></AllSubClss>
					<AllTerm></AllTerm>
				</ClssHrchy>
				<MapVrblCntnr></MapVrblCntnr>
				<FtrListVrblCntnr></FtrListVrblCntnr>
				<CoordVrblCntnr></CoordVrblCntnr>
				<ROIVrblCntnr></ROIVrblCntnr>
				<ImgObjListVrblCntnr></ImgObjListVrblCntnr>
				<ArrayCntnr>
					<Arrays></Arrays>
					<ArrayVrbls></ArrayVrbls>
				</ArrayCntnr>
			</ObjectDependencies>
		</Properties>
		<Dependencies>
			<ProjectStateRequired>
				<SceneState></SceneState>
				<ImgObjState></ImgObjState>
			</ProjectStateRequired>
			<ProjectStateAdd>
				<SceneState></SceneState>
				<ImgObjState></ImgObjState>
			</ProjectStateAdd>
			<ProjectStateRemoved>
				<SceneState></SceneState>
				<ImgObjState></ImgObjState>
			</ProjectStateRemoved>
			<ProjectStateForbidden>
				<SceneState></SceneState>
				<ImgObjState></ImgObjState>
			</ProjectStateForbidden>
		</Dependencies>
	</ActionDefinition>
</ActionFile>