<?xml version="1.0" encoding="UTF-8"?>
<ActionFile>
	<ActionDefinition name="   5. Segment and Classify Image Layer" id="Segment_Classify_Image" icon="s&amp;c.png" state-icon-variable="generic_icon" filter="P" guid="42649418-39E4-11EE-9530-48E7DA104EBC" use_only_once="1" priority="0" can-remove="1">
		<RuleSet file="Ruleset.dcp"></RuleSet>
		<Description></Description>
		<Process name="" parameter_set="segment_classify_image"></Process>
		<Properties>
			<Group text="Clarification" color="8388676" text_color="13948887">
				<RadioButtons text="text" left-margin="8" description="">
					<visibility_threshold></visibility_threshold>
					<enable_threshold></enable_threshold>
					<Params>
						<DValue value="8" type="int" name="iLeftMargin"></DValue>
						<DValue value="11CA3ABB-3A39-11EE-9530-48E7DA104EBC" type="string" name="strGuid"></DValue>
						<DValue value="" type="string" name="strRuleset"></DValue>
						<DValue value="1" type="bool" name="bRadioMode"></DValue>
						<DValue value="0" type="int" name="eRadioScope"></DValue>
						<DValue type="threshold" name="xmlVsbltThrsh"></DValue>
						<DValue type="threshold" name="xmlEnblThrsh"></DValue>
						<DValue value="Note" type="string" name="sText1"></DValue>
						<DValue value="Clarification about Segmentation and Classification process" type="string" name="sDescr1"></DValue>
						<DValue value="" type="string" name="sDescrPath1"></DValue>
						<DValue value="Working with LiDAR//Segment and Classify Image Layer//Clarification" type="string" name="sActionProcPath1"></DValue>
						<DValue value="" type="string" name="sProcPathOnRelease1"></DValue>
						<DValue value="1" type="bool" name="bExecOnSprtThrd1"></DValue>
						<DValue value="clarification.png" type="string" name="sFileImg1"></DValue>
						<DValue value="" type="string" name="sFileHighlightImg1"></DValue>
						<DValue value="0" type="int" name="dwHotKey1"></DValue>
						<DValue value="None" type="string" name="strHotKey1"></DValue>
						<DValue value="1" type="bool" name="bRadioModeFromWdgt1"></DValue>
						<DValue value="1" type="bool" name="bSyncWithInputMode1"></DValue>
						<DValue type="threshold" name="vsbltThrsh1"></DValue>
						<DValue type="threshold" name="enblThrsh1"></DValue>
						<DValue type="threshold" name="checkThrsh1"></DValue>
						<DValue value="" type="string" name="sText2"></DValue>
						<DValue value="" type="string" name="sDescr2"></DValue>
						<DValue value="" type="string" name="sDescrPath2"></DValue>
						<DValue value="" type="string" name="sActionProcPath2"></DValue>
						<DValue value="" type="string" name="sProcPathOnRelease2"></DValue>
						<DValue value="1" type="bool" name="bExecOnSprtThrd2"></DValue>
						<DValue value="" type="string" name="sFileImg2"></DValue>
						<DValue value="" type="string" name="sFileHighlightImg2"></DValue>
						<DValue value="0" type="int" name="dwHotKey2"></DValue>
						<DValue value="None" type="string" name="strHotKey2"></DValue>
						<DValue value="1" type="bool" name="bRadioModeFromWdgt2"></DValue>
						<DValue value="1" type="bool" name="bSyncWithInputMode2"></DValue>
						<DValue type="threshold" name="vsbltThrsh2"></DValue>
						<DValue type="threshold" name="enblThrsh2"></DValue>
						<DValue type="threshold" name="checkThrsh2"></DValue>
						<DValue value="" type="string" name="sText3"></DValue>
						<DValue value="" type="string" name="sDescr3"></DValue>
						<DValue value="" type="string" name="sDescrPath3"></DValue>
						<DValue value="" type="string" name="sActionProcPath3"></DValue>
						<DValue value="" type="string" name="sProcPathOnRelease3"></DValue>
						<DValue value="1" type="bool" name="bExecOnSprtThrd3"></DValue>
						<DValue value="" type="string" name="sFileImg3"></DValue>
						<DValue value="" type="string" name="sFileHighlightImg3"></DValue>
						<DValue value="0" type="int" name="dwHotKey3"></DValue>
						<DValue value="None" type="string" name="strHotKey3"></DValue>
						<DValue value="1" type="bool" name="bRadioModeFromWdgt3"></DValue>
						<DValue value="1" type="bool" name="bSyncWithInputMode3"></DValue>
						<DValue type="threshold" name="vsbltThrsh3"></DValue>
						<DValue type="threshold" name="enblThrsh3"></DValue>
						<DValue type="threshold" name="checkThrsh3"></DValue>
						<DValue value="" type="string" name="sText4"></DValue>
						<DValue value="" type="string" name="sDescr4"></DValue>
						<DValue value="" type="string" name="sDescrPath4"></DValue>
						<DValue value="" type="string" name="sActionProcPath4"></DValue>
						<DValue value="" type="string" name="sProcPathOnRelease4"></DValue>
						<DValue value="1" type="bool" name="bExecOnSprtThrd4"></DValue>
						<DValue value="" type="string" name="sFileImg4"></DValue>
						<DValue value="" type="string" name="sFileHighlightImg4"></DValue>
						<DValue value="0" type="int" name="dwHotKey4"></DValue>
						<DValue value="None" type="string" name="strHotKey4"></DValue>
						<DValue value="1" type="bool" name="bRadioModeFromWdgt4"></DValue>
						<DValue value="1" type="bool" name="bSyncWithInputMode4"></DValue>
						<DValue type="threshold" name="vsbltThrsh4"></DValue>
						<DValue type="threshold" name="enblThrsh4"></DValue>
						<DValue type="threshold" name="checkThrsh4"></DValue>
						<DValue value="" type="string" name="sText5"></DValue>
						<DValue value="" type="string" name="sDescr5"></DValue>
						<DValue value="" type="string" name="sDescrPath5"></DValue>
						<DValue value="" type="string" name="sActionProcPath5"></DValue>
						<DValue value="" type="string" name="sProcPathOnRelease5"></DValue>
						<DValue value="1" type="bool" name="bExecOnSprtThrd5"></DValue>
						<DValue value="" type="string" name="sFileImg5"></DValue>
						<DValue value="" type="string" name="sFileHighlightImg5"></DValue>
						<DValue value="0" type="int" name="dwHotKey5"></DValue>
						<DValue value="None" type="string" name="strHotKey5"></DValue>
						<DValue value="1" type="bool" name="bRadioModeFromWdgt5"></DValue>
						<DValue value="1" type="bool" name="bSyncWithInputMode5"></DValue>
						<DValue type="threshold" name="vsbltThrsh5"></DValue>
						<DValue type="threshold" name="enblThrsh5"></DValue>
						<DValue type="threshold" name="checkThrsh5"></DValue>
					</Params>
				</RadioButtons>
			</Group>
			<Group text="Multiresolution Segmentation" color="8388676" text_color="13948887">
				<EditSlider text="text" left-margin="-1" description="Choose a Scale Parameter to perform Multiresolution Segmentation." variable="mrs_scale" dscr="Choose a Scale Parameter to perform Multiresolution Segmentation." ruleset="" left-text="Scale Parameter" right-text="" allow-value-outside-minmax="0">
					<visibility_threshold></visibility_threshold>
					<enable_threshold></enable_threshold>
					<vrblMin>
						<DValue value="5." type="double"></DValue>
					</vrblMin>
					<vrblMax>
						<DValue value="50." type="double"></DValue>
					</vrblMax>
					<vrblTickFreq>
						<DValue value="5." type="double"></DValue>
					</vrblTickFreq>
					<vrblJump>
						<DValue value="5." type="double"></DValue>
					</vrblJump>
				</EditSlider>
				<Button text="" left-margin="0" description="Perform Multiresolution Segmentation of the Image Layer  with the defined Scale Parameter." img="" mode="push" button_text="Segment" hor_offset="0" width="0">
					<visibility_threshold></visibility_threshold>
					<enable_threshold></enable_threshold>
					<RuleSet file="Ruleset.dcp"></RuleSet>
					<Process push="Working with LiDAR//Segment and Classify Image Layer//Multiresolution Segmentation" release=""></Process>
					<Description>Perform Multiresolution Segmentation of the Image Layer  with the defined Scale Parameter.</Description>
				</Button>
			</Group>
			<Group text="Classification (Low Vegetation, Trees and Buildings)" color="8388676" text_color="13948887">
				<RadioButtons text="text" left-margin="8" description="">
					<visibility_threshold></visibility_threshold>
					<enable_threshold></enable_threshold>
					<Params>
						<DValue value="8" type="int" name="iLeftMargin"></DValue>
						<DValue value="93F8327D-3AA2-11EE-9530-48E7DA104EBC" type="string" name="strGuid"></DValue>
						<DValue value="" type="string" name="strRuleset"></DValue>
						<DValue value="1" type="bool" name="bRadioMode"></DValue>
						<DValue value="0" type="int" name="eRadioScope"></DValue>
						<DValue type="threshold" name="xmlVsbltThrsh"></DValue>
						<DValue type="threshold" name="xmlEnblThrsh"></DValue>
						<DValue value="Low Vegetation" type="string" name="sText1"></DValue>
						<DValue value="Click to classify Low Vegetation." type="string" name="sDescr1"></DValue>
						<DValue value="" type="string" name="sDescrPath1"></DValue>
						<DValue value="" type="string" name="sActionProcPath1"></DValue>
						<DValue value="Working with LiDAR//Segment and Classify Image Layer//Classification//Low Vegetation" type="string" name="sProcPathOnRelease1"></DValue>
						<DValue value="1" type="bool" name="bExecOnSprtThrd1"></DValue>
						<DValue value="low_vegetation.png" type="string" name="sFileImg1"></DValue>
						<DValue value="" type="string" name="sFileHighlightImg1"></DValue>
						<DValue value="0" type="int" name="dwHotKey1"></DValue>
						<DValue value="None" type="string" name="strHotKey1"></DValue>
						<DValue value="1" type="bool" name="bRadioModeFromWdgt1"></DValue>
						<DValue value="1" type="bool" name="bSyncWithInputMode1"></DValue>
						<DValue type="threshold" name="vsbltThrsh1"></DValue>
						<DValue type="threshold" name="enblThrsh1"></DValue>
						<DValue type="threshold" name="checkThrsh1"></DValue>
						<DValue value="Trees" type="string" name="sText2"></DValue>
						<DValue value="Click to classify Trees." type="string" name="sDescr2"></DValue>
						<DValue value="" type="string" name="sDescrPath2"></DValue>
						<DValue value="" type="string" name="sActionProcPath2"></DValue>
						<DValue value="Working with LiDAR//Segment and Classify Image Layer//Classification//Trees" type="string" name="sProcPathOnRelease2"></DValue>
						<DValue value="1" type="bool" name="bExecOnSprtThrd2"></DValue>
						<DValue value="tree.png" type="string" name="sFileImg2"></DValue>
						<DValue value="" type="string" name="sFileHighlightImg2"></DValue>
						<DValue value="0" type="int" name="dwHotKey2"></DValue>
						<DValue value="None" type="string" name="strHotKey2"></DValue>
						<DValue value="1" type="bool" name="bRadioModeFromWdgt2"></DValue>
						<DValue value="1" type="bool" name="bSyncWithInputMode2"></DValue>
						<DValue type="threshold" name="vsbltThrsh2"></DValue>
						<DValue type="threshold" name="enblThrsh2"></DValue>
						<DValue type="threshold" name="checkThrsh2"></DValue>
						<DValue value="Buildings" type="string" name="sText3"></DValue>
						<DValue value="Click to classify Buildings." type="string" name="sDescr3"></DValue>
						<DValue value="" type="string" name="sDescrPath3"></DValue>
						<DValue value="" type="string" name="sActionProcPath3"></DValue>
						<DValue value="Working with LiDAR//Segment and Classify Image Layer//Classification//Buildings" type="string" name="sProcPathOnRelease3"></DValue>
						<DValue value="1" type="bool" name="bExecOnSprtThrd3"></DValue>
						<DValue value="building.png" type="string" name="sFileImg3"></DValue>
						<DValue value="" type="string" name="sFileHighlightImg3"></DValue>
						<DValue value="0" type="int" name="dwHotKey3"></DValue>
						<DValue value="None" type="string" name="strHotKey3"></DValue>
						<DValue value="1" type="bool" name="bRadioModeFromWdgt3"></DValue>
						<DValue value="1" type="bool" name="bSyncWithInputMode3"></DValue>
						<DValue type="threshold" name="vsbltThrsh3"></DValue>
						<DValue type="threshold" name="enblThrsh3"></DValue>
						<DValue type="threshold" name="checkThrsh3"></DValue>
						<DValue value="" type="string" name="sText4"></DValue>
						<DValue value="" type="string" name="sDescr4"></DValue>
						<DValue value="" type="string" name="sDescrPath4"></DValue>
						<DValue value="" type="string" name="sActionProcPath4"></DValue>
						<DValue value="" type="string" name="sProcPathOnRelease4"></DValue>
						<DValue value="1" type="bool" name="bExecOnSprtThrd4"></DValue>
						<DValue value="" type="string" name="sFileImg4"></DValue>
						<DValue value="" type="string" name="sFileHighlightImg4"></DValue>
						<DValue value="0" type="int" name="dwHotKey4"></DValue>
						<DValue value="None" type="string" name="strHotKey4"></DValue>
						<DValue value="1" type="bool" name="bRadioModeFromWdgt4"></DValue>
						<DValue value="1" type="bool" name="bSyncWithInputMode4"></DValue>
						<DValue type="threshold" name="vsbltThrsh4"></DValue>
						<DValue type="threshold" name="enblThrsh4"></DValue>
						<DValue type="threshold" name="checkThrsh4"></DValue>
						<DValue value="" type="string" name="sText5"></DValue>
						<DValue value="" type="string" name="sDescr5"></DValue>
						<DValue value="" type="string" name="sDescrPath5"></DValue>
						<DValue value="" type="string" name="sActionProcPath5"></DValue>
						<DValue value="" type="string" name="sProcPathOnRelease5"></DValue>
						<DValue value="1" type="bool" name="bExecOnSprtThrd5"></DValue>
						<DValue value="" type="string" name="sFileImg5"></DValue>
						<DValue value="" type="string" name="sFileHighlightImg5"></DValue>
						<DValue value="0" type="int" name="dwHotKey5"></DValue>
						<DValue value="None" type="string" name="strHotKey5"></DValue>
						<DValue value="1" type="bool" name="bRadioModeFromWdgt5"></DValue>
						<DValue value="1" type="bool" name="bSyncWithInputMode5"></DValue>
						<DValue type="threshold" name="vsbltThrsh5"></DValue>
						<DValue type="threshold" name="enblThrsh5"></DValue>
						<DValue type="threshold" name="checkThrsh5"></DValue>
					</Params>
				</RadioButtons>
			</Group>
			<Group text="Manual Classification Refinement" color="8388676" text_color="13948887">
				<ManualClsfyBtns text="" left-margin="8" description="">
					<visibility_threshold></visibility_threshold>
					<enable_threshold></enable_threshold>
					<Params>
						<DValue value="8" type="int" name="iLeftMargin"></DValue>
						<DValue value="Ruleset.dcp" type="string" name="strRuleset"></DValue>
						<DValue value="0" type="bool" name="bCheckboxMode"></DValue>
						<DValue value="0" type="int" name="eRadioScope"></DValue>
						<DValue value="0" type="bool" name="bShowEditClssBtn"></DValue>
						<DValue value="" type="string" name="strImgPathEditClsses"></DValue>
						<DValue value="0" type="bool" name="bUseArray"></DValue>
						<DValue type="array" name="sClassArr"></DValue>
						<DValue value="" type="string" name="sProcPath"></DValue>
						<DValue value="" type="string" name="sProcPathOnRelease"></DValue>
						<DValue value="-1" type="procVarId" name="sClssVrbl"></DValue>
						<DValue type="threshold" name="xmlVsbltThrsh"></DValue>
						<DValue type="threshold" name="xmlEnblThrsh"></DValue>
						<DValue value="94" type="clssId" name="pClss1"></DValue>
						<DValue value="First, select on the map the objects to be reclassified. Then, click on this button to classify them as Low Vegetation." type="string" name="sDescr1"></DValue>
						<DValue value="" type="string" name="sDescrPath1"></DValue>
						<DValue value="Working with LiDAR//Segment and Classify Image Layer//Manual Classification Refinement//Low Vegetation" type="string" name="sProcPath1"></DValue>
						<DValue value="" type="string" name="sProcPathOnRelease1"></DValue>
						<DValue value="" type="string" name="sCheckboxVrbl1"></DValue>
						<DValue value="0" type="int" name="dwHotKey1"></DValue>
						<DValue value="None" type="string" name="strHotKey1"></DValue>
						<DValue value="84" type="clssId" name="pClss2"></DValue>
						<DValue value="First, select on the map the objects to be reclassified. Then, click on this button to classify them as Trees." type="string" name="sDescr2"></DValue>
						<DValue value="" type="string" name="sDescrPath2"></DValue>
						<DValue value="Working with LiDAR//Segment and Classify Image Layer//Manual Classification Refinement//Trees" type="string" name="sProcPath2"></DValue>
						<DValue value="" type="string" name="sProcPathOnRelease2"></DValue>
						<DValue value="" type="string" name="sCheckboxVrbl2"></DValue>
						<DValue value="0" type="int" name="dwHotKey2"></DValue>
						<DValue value="None" type="string" name="strHotKey2"></DValue>
						<DValue value="49" type="clssId" name="pClss3"></DValue>
						<DValue value="First, select on the map the objects to be reclassified. Then, click on this button to classify them as Buildings." type="string" name="sDescr3"></DValue>
						<DValue value="" type="string" name="sDescrPath3"></DValue>
						<DValue value="Working with LiDAR//Segment and Classify Image Layer//Manual Classification Refinement//Buildings" type="string" name="sProcPath3"></DValue>
						<DValue value="" type="string" name="sProcPathOnRelease3"></DValue>
						<DValue value="" type="string" name="sCheckboxVrbl3"></DValue>
						<DValue value="0" type="int" name="dwHotKey3"></DValue>
						<DValue value="None" type="string" name="strHotKey3"></DValue>
						<DValue value="-2" type="clssId" name="pClss4"></DValue>
						<DValue value="description" type="string" name="sDescr4"></DValue>
						<DValue value="" type="string" name="sDescrPath4"></DValue>
						<DValue value="" type="string" name="sProcPath4"></DValue>
						<DValue value="" type="string" name="sProcPathOnRelease4"></DValue>
						<DValue value="" type="string" name="sCheckboxVrbl4"></DValue>
						<DValue value="0" type="int" name="dwHotKey4"></DValue>
						<DValue value="None" type="string" name="strHotKey4"></DValue>
						<DValue value="-2" type="clssId" name="pClss5"></DValue>
						<DValue value="description" type="string" name="sDescr5"></DValue>
						<DValue value="" type="string" name="sDescrPath5"></DValue>
						<DValue value="" type="string" name="sProcPath5"></DValue>
						<DValue value="" type="string" name="sProcPathOnRelease5"></DValue>
						<DValue value="" type="string" name="sCheckboxVrbl5"></DValue>
						<DValue value="0" type="int" name="dwHotKey5"></DValue>
						<DValue value="None" type="string" name="strHotKey5"></DValue>
					</Params>
				</ManualClsfyBtns>
			</Group>
			<Group text="Step Status" color="8388676" text_color="13948887">
				<RadioButtons text="text" left-margin="8" description="">
					<visibility_threshold></visibility_threshold>
					<enable_threshold></enable_threshold>
					<Params>
						<DValue value="8" type="int" name="iLeftMargin"></DValue>
						<DValue value="FA8AEFA0-3901-11EE-952D-48E7DA104EBC" type="string" name="strGuid"></DValue>
						<DValue value="" type="string" name="strRuleset"></DValue>
						<DValue value="1" type="bool" name="bRadioMode"></DValue>
						<DValue value="0" type="int" name="eRadioScope"></DValue>
						<DValue type="threshold" name="xmlVsbltThrsh"></DValue>
						<DValue type="threshold" name="xmlEnblThrsh"></DValue>
						<DValue value="Complete" type="string" name="sText1"></DValue>
						<DValue value="Mark the 5. Segment Image Layer step as complete." type="string" name="sDescr1"></DValue>
						<DValue value="" type="string" name="sDescrPath1"></DValue>
						<DValue value="Working with LiDAR//Segment and Classify Image Layer//Step Status//Complete" type="string" name="sActionProcPath1"></DValue>
						<DValue value="" type="string" name="sProcPathOnRelease1"></DValue>
						<DValue value="1" type="bool" name="bExecOnSprtThrd1"></DValue>
						<DValue value="complete.png" type="string" name="sFileImg1"></DValue>
						<DValue value="" type="string" name="sFileHighlightImg1"></DValue>
						<DValue value="0" type="int" name="dwHotKey1"></DValue>
						<DValue value="None" type="string" name="strHotKey1"></DValue>
						<DValue value="1" type="bool" name="bRadioModeFromWdgt1"></DValue>
						<DValue value="1" type="bool" name="bSyncWithInputMode1"></DValue>
						<DValue type="threshold" name="vsbltThrsh1"></DValue>
						<DValue type="threshold" name="enblThrsh1"></DValue>
						<DValue type="threshold" name="checkThrsh1"></DValue>
						<DValue value="Revert" type="string" name="sText2"></DValue>
						<DValue value="Unmark the 5. Segment Image Layer step as complete." type="string" name="sDescr2"></DValue>
						<DValue value="" type="string" name="sDescrPath2"></DValue>
						<DValue value="Working with LiDAR//Segment and Classify Image Layer//Step Status//Revert" type="string" name="sActionProcPath2"></DValue>
						<DValue value="" type="string" name="sProcPathOnRelease2"></DValue>
						<DValue value="1" type="bool" name="bExecOnSprtThrd2"></DValue>
						<DValue value="revert.png" type="string" name="sFileImg2"></DValue>
						<DValue value="" type="string" name="sFileHighlightImg2"></DValue>
						<DValue value="0" type="int" name="dwHotKey2"></DValue>
						<DValue value="None" type="string" name="strHotKey2"></DValue>
						<DValue value="1" type="bool" name="bRadioModeFromWdgt2"></DValue>
						<DValue value="1" type="bool" name="bSyncWithInputMode2"></DValue>
						<DValue type="threshold" name="vsbltThrsh2"></DValue>
						<DValue type="threshold" name="enblThrsh2"></DValue>
						<DValue type="threshold" name="checkThrsh2"></DValue>
						<DValue value="" type="string" name="sText3"></DValue>
						<DValue value="" type="string" name="sDescr3"></DValue>
						<DValue value="" type="string" name="sDescrPath3"></DValue>
						<DValue value="" type="string" name="sActionProcPath3"></DValue>
						<DValue value="" type="string" name="sProcPathOnRelease3"></DValue>
						<DValue value="1" type="bool" name="bExecOnSprtThrd3"></DValue>
						<DValue value="" type="string" name="sFileImg3"></DValue>
						<DValue value="" type="string" name="sFileHighlightImg3"></DValue>
						<DValue value="0" type="int" name="dwHotKey3"></DValue>
						<DValue value="None" type="string" name="strHotKey3"></DValue>
						<DValue value="1" type="bool" name="bRadioModeFromWdgt3"></DValue>
						<DValue value="1" type="bool" name="bSyncWithInputMode3"></DValue>
						<DValue type="threshold" name="vsbltThrsh3"></DValue>
						<DValue type="threshold" name="enblThrsh3"></DValue>
						<DValue type="threshold" name="checkThrsh3"></DValue>
						<DValue value="" type="string" name="sText4"></DValue>
						<DValue value="" type="string" name="sDescr4"></DValue>
						<DValue value="" type="string" name="sDescrPath4"></DValue>
						<DValue value="" type="string" name="sActionProcPath4"></DValue>
						<DValue value="" type="string" name="sProcPathOnRelease4"></DValue>
						<DValue value="1" type="bool" name="bExecOnSprtThrd4"></DValue>
						<DValue value="" type="string" name="sFileImg4"></DValue>
						<DValue value="" type="string" name="sFileHighlightImg4"></DValue>
						<DValue value="0" type="int" name="dwHotKey4"></DValue>
						<DValue value="None" type="string" name="strHotKey4"></DValue>
						<DValue value="1" type="bool" name="bRadioModeFromWdgt4"></DValue>
						<DValue value="1" type="bool" name="bSyncWithInputMode4"></DValue>
						<DValue type="threshold" name="vsbltThrsh4"></DValue>
						<DValue type="threshold" name="enblThrsh4"></DValue>
						<DValue type="threshold" name="checkThrsh4"></DValue>
						<DValue value="" type="string" name="sText5"></DValue>
						<DValue value="" type="string" name="sDescr5"></DValue>
						<DValue value="" type="string" name="sDescrPath5"></DValue>
						<DValue value="" type="string" name="sActionProcPath5"></DValue>
						<DValue value="" type="string" name="sProcPathOnRelease5"></DValue>
						<DValue value="1" type="bool" name="bExecOnSprtThrd5"></DValue>
						<DValue value="" type="string" name="sFileImg5"></DValue>
						<DValue value="" type="string" name="sFileHighlightImg5"></DValue>
						<DValue value="0" type="int" name="dwHotKey5"></DValue>
						<DValue value="None" type="string" name="strHotKey5"></DValue>
						<DValue value="1" type="bool" name="bRadioModeFromWdgt5"></DValue>
						<DValue value="1" type="bool" name="bSyncWithInputMode5"></DValue>
						<DValue type="threshold" name="vsbltThrsh5"></DValue>
						<DValue type="threshold" name="enblThrsh5"></DValue>
						<DValue type="threshold" name="checkThrsh5"></DValue>
					</Params>
				</RadioButtons>
			</Group>
			<Group text="Description" color="4802118" text_color="13948887">
				<Description text="text" left-margin="-1" description="Description">
					<visibility_threshold></visibility_threshold>
					<enable_threshold></enable_threshold>
				</Description>
			</Group>
			<ObjectDependencies>
				<ImgLayers>
					<ChnlProxyCntnr>
						<Layers></Layers>
						<Variables></Variables>
					</ChnlProxyCntnr>
				</ImgLayers>
				<ThmLayers>
					<ChnlProxyCntnr>
						<Layers></Layers>
						<Variables></Variables>
					</ChnlProxyCntnr>
				</ThmLayers>
				<MapLvlProxyCntnr>
					<MapLvlProxies></MapLvlProxies>
					<MapLvlVrblValues></MapLvlVrblValues>
				</MapLvlProxyCntnr>
				<ProcVrblCntnr>
					<ProcVrbl iId="3" eType="1">
						<DValue value="5." type="double"></DValue>
						<NameExpr strTextExpr="mrs_scale"></NameExpr>
						<Scope GUID="00000000-0000-0000-0000-000000000000"></Scope>
						<SharedInfo bShared="0" strInstGUID=""></SharedInfo>
					</ProcVrbl>
				</ProcVrblCntnr>
				<ClssHrchy EvalInvalid="1" MinProb="0.10000000000000000555111512312578270212" NNSlope="0.20000000000000001110223024625156540424" RdiResamplOptns="3">
					<AllClss>
						<Clss id="84" name="Trees" flag="0" iMaskID="-1" bUsePrntClr="0" dPrntClssBrghtns="0." termType="0" strUserName="crogg" tChngTime="1255507555" bShow="0" Trans="0.">
							<LcnsInfo sLcnsId="" sPwd=""></LcnsInfo>
							<Scope GUID="00000000-0000-0000-0000-000000000000"></Scope>
							<Color R="0" G="128" B="0"></Color>
							<SharedInfo bShared="0" strInstGUID=""></SharedInfo>
						</Clss>
						<Clss id="49" name="Buildings" flag="0" iMaskID="-1" bUsePrntClr="0" dPrntClssBrghtns="0." termType="0" strUserName="fcam_" tChngTime="1692021610" bShow="0" Trans="0.">
							<LcnsInfo sLcnsId="" sPwd=""></LcnsInfo>
							<Scope GUID="00000000-0000-0000-0000-000000000000"></Scope>
							<Color R="255" G="0" B="255"></Color>
							<SharedInfo bShared="0" strInstGUID=""></SharedInfo>
						</Clss>
						<Clss id="94" name="Low Vegetation" flag="0" iMaskID="-1" bUsePrntClr="0" dPrntClssBrghtns="0." termType="0" strUserName="fcam_" tChngTime="1691975334" bShow="0" Trans="0.">
							<LcnsInfo sLcnsId="" sPwd=""></LcnsInfo>
							<Scope GUID="00000000-0000-0000-0000-000000000000"></Scope>
							<Color R="160" G="255" B="192"></Color>
							<SharedInfo bShared="0" strInstGUID=""></SharedInfo>
						</Clss>
					</AllClss>
					<PropTree version="20100426">
						<AllProps></AllProps>
						<UserGroups></UserGroups>
					</PropTree>
					<Brightness>
						<Map MapName="main">
							<ChnlWghtBrght></ChnlWghtBrght>
						</Map>
					</Brightness>
					<AllVrblClss></AllVrblClss>
					<AllSubClss>
						<Clss Id="84" PrfdGrp="84">
							<SubClss></SubClss>
							<SubGrp></SubGrp>
						</Clss>
						<Clss Id="49" PrfdGrp="49">
							<SubClss></SubClss>
							<SubGrp></SubGrp>
						</Clss>
						<Clss Id="94" PrfdGrp="94">
							<SubClss></SubClss>
							<SubGrp></SubGrp>
						</Clss>
					</AllSubClss>
					<AllTerm>
						<Term TermEvalType="0">
							<TermBase ClssId="84" flags="0">
								<Weight>
									<DValue value="1" type="int"></DValue>
								</Weight>
							</TermBase>
						</Term>
						<Term TermEvalType="0">
							<TermBase ClssId="49" flags="0">
								<Weight>
									<DValue value="1" type="int"></DValue>
								</Weight>
							</TermBase>
						</Term>
						<Term TermEvalType="0">
							<TermBase ClssId="94" flags="0">
								<Weight>
									<DValue value="1" type="int"></DValue>
								</Weight>
							</TermBase>
						</Term>
					</AllTerm>
				</ClssHrchy>
				<MapVrblCntnr></MapVrblCntnr>
				<FtrListVrblCntnr></FtrListVrblCntnr>
				<CoordVrblCntnr></CoordVrblCntnr>
				<ROIVrblCntnr></ROIVrblCntnr>
				<ImgObjListVrblCntnr></ImgObjListVrblCntnr>
				<ArrayCntnr>
					<Arrays></Arrays>
					<ArrayVrbls></ArrayVrbls>
				</ArrayCntnr>
			</ObjectDependencies>
		</Properties>
		<Dependencies>
			<ProjectStateRequired>
				<SceneState></SceneState>
				<ImgObjState></ImgObjState>
			</ProjectStateRequired>
			<ProjectStateAdd>
				<SceneState></SceneState>
				<ImgObjState></ImgObjState>
			</ProjectStateAdd>
			<ProjectStateRemoved>
				<SceneState></SceneState>
				<ImgObjState></ImgObjState>
			</ProjectStateRemoved>
			<ProjectStateForbidden>
				<SceneState></SceneState>
				<ImgObjState></ImgObjState>
			</ProjectStateForbidden>
		</Dependencies>
	</ActionDefinition>
</ActionFile>