<?xml version="1.0" encoding="UTF-8"?>
<SDEDB version="2">
	<Scale scaleX="1." scaleY="1." scaleZ="1."></Scale>
	<SDEScan>
		<SDEScanChunk NumPoints="71240" FileVecDir="ecog_Station1_Scan1_eCogScan.rwcx" FileVecDirFull="C:\Users\fcam_\OneDrive - Universidad de los Andes\MAPS\Final Project\Final Project\data\.ecog_cache.Point_Cloud_Dataset.las\ecog.rwi\ecog_Station1_Scan1_eCogScan.rwcx" ImportClassId="1" version="2">
			<BlockOffsets>0 71240</BlockOffsets>
			<sdeScanId id="b12589f4-d1f1-4a10-a1bf-7aae611eefd5" Xmin="453056.5" Ymin="265178.5" Zmin="55.740000000000001989519660128280520439"></sdeScanId>
		</SDEScanChunk>
		<SDEScanChunk NumPoints="100793" FileVecDir="ecog_Station2_Scan2_eCogScan.rwcx" FileVecDirFull="C:\Users\fcam_\OneDrive - Universidad de los Andes\MAPS\Final Project\Final Project\data\.ecog_cache.Point_Cloud_Dataset.las\ecog.rwi\ecog_Station2_Scan2_eCogScan.rwcx" ImportClassId="2" version="2">
			<BlockOffsets>0 100793</BlockOffsets>
			<sdeScanId id="ac76a02f-10a8-403a-a302-eb4c537a83e3" Xmin="453056.5" Ymin="265178.5" Zmin="55.740000000000001989519660128280520439"></sdeScanId>
		</SDEScanChunk>
		<SDEScanChunk NumPoints="135015" FileVecDir="ecog_Station3_Scan3_eCogScan.rwcx" FileVecDirFull="C:\Users\fcam_\OneDrive - Universidad de los Andes\MAPS\Final Project\Final Project\data\.ecog_cache.Point_Cloud_Dataset.las\ecog.rwi\ecog_Station3_Scan3_eCogScan.rwcx" ImportClassId="12" version="2">
			<BlockOffsets>0 69479 135015</BlockOffsets>
			<sdeScanId id="8be26065-7f9a-4fc5-a878-857793b698ef" Xmin="453056.5" Ymin="265178.5" Zmin="55.740000000000001989519660128280520439"></sdeScanId>
		</SDEScanChunk>
	</SDEScan>
</SDEDB>